prefab_name,zone,anomaly,interactable,instances,has_art,size_x,size_y,size_z,local_x,local_y,local_z
ArchiveBack,Archive,-,yes,1,no,0.9,2.05,0.1,0,1.025,-2.44
ChairmanLog,Archive,-,yes,1,no,0.3,0.02,0.4,2.2,1.15,-1
HidingCabinetB,Archive,-,yes,1,no,0.6,1.6,0.5,-2.6,0.8,-2
MaintenanceBill2009,Archive,-,yes,1,no,0.3,0.02,0.4,-2.2,1.15,1.8
Server,Archive,-,no,1,no,0.6,2,0.9,2.6,1,-1
Shelf0,Archive,-,no,1,no,1.2,2,0.5,-2.2,1,2.15
Shelf1,Archive,-,no,1,no,1.2,2,0.5,-0.7,1,2.15
Shelf2,Archive,-,no,1,no,1.2,2,0.5,0.8,1,2.15
Shelf3,Archive,-,no,1,no,1.2,2,0.5,2.3,1,2.15
SmokeDevice,Archive,-,yes,1,no,0.3,0.3,0.3,0,0.25,-1.5
A01_Pos,ConvenienceStore,-,yes,1,no,0.35,0.3,0.3,0.6,1.15,-1.3
StoreCounter,ConvenienceStore,-,no,1,no,3,1,0.7,0,0.5,-1.3
StoreShelves,ConvenienceStore,-,no,1,no,0.6,2,3.5,3,1,0
Btn_B1,Elevator,-,yes,1,no,0.06,0.13,0.13,0.65,0.96,0.2
Btn_B2,Elevator,-,yes,1,no,0.06,0.13,0.13,0.65,0.78,0.2
Btn_F1,Elevator,-,yes,1,no,0.06,0.13,0.13,0.65,1.14,0.2
Btn_F2,Elevator,-,yes,1,no,0.06,0.13,0.13,0.65,1.32,0.2
Btn_F3,Elevator,-,yes,1,no,0.06,0.13,0.13,0.65,1.5,0.2
Btn_F4,Elevator,-,yes,1,no,0.06,0.13,0.13,0.65,1.68,0.2
Btn_F5,Elevator,-,yes,1,no,0.06,0.13,0.13,0.65,1.86,0.2
Btn_F6,Elevator,-,yes,1,no,0.06,0.13,0.13,0.65,2.04,0.2
Btn_M,Elevator,-,yes,1,no,0.06,0.13,0.13,0.65,0.6,0.2
Handrail,Elevator,-,no,1,no,1.2,0.05,0.05,0,0.9,0.69
M14_Announce01,FitnessRoom,M14,yes,1,no,0.3,0.3,0.2,0.2,1.1,-2.2
M14_Announce02,FitnessRoom,M14,yes,1,no,0.3,0.3,0.2,0.2,1.1,0
M14_Announce03,FitnessRoom,M14,yes,1,no,0.3,0.3,0.2,0.2,1.1,2.2
M14_MainBreaker,FitnessRoom,M14,yes,1,no,0.12,0.5,0.4,-4.8,1.5,0
M14_RulesBoard,FitnessRoom,M14,yes,1,no,0.1,0.8,1.2,4.8,1.6,0
M14_Stop01,FitnessRoom,M14,yes,1,no,0.3,0.3,0.2,-1.5,1.1,-1.3
M14_Stop02,FitnessRoom,M14,yes,1,no,0.3,0.3,0.2,-1.5,1.1,0.9
M14_Stop03,FitnessRoom,M14,yes,1,no,0.3,0.3,0.2,-1.5,1.1,3.1
Treadmill01,FitnessRoom,-,no,1,no,0.8,1,2,-1.5,0.5,-2.2
Treadmill02,FitnessRoom,-,no,1,no,0.8,1,2,-1.5,0.5,0
Treadmill03,FitnessRoom,-,no,1,no,0.8,1,2,-1.5,0.5,2.2
DoorTo_FitnessRoom,Floor02,-,yes,1,no,0.9,2.05,0.1,-1,1.025,-1.14
DoorTo_Lounge,Floor02,-,yes,1,no,0.9,2.05,0.1,-6,1.025,-1.14
DoorTo_Terrace,Floor02,-,yes,1,no,0.9,2.05,0.1,5,1.025,-1.14
Door_201,Floor02,-,yes,1,no,0.9,2.05,0.08,-7.5,1.025,1.14
Door_202,Floor02,-,yes,1,no,0.9,2.05,0.08,-4,1.025,1.14
Door_203,Floor02,-,yes,1,no,0.9,2.05,0.08,-0.5,1.025,1.14
Door_205,Floor02,-,yes,1,no,0.9,2.05,0.08,3,1.025,1.14
Door_206,Floor02,-,yes,1,no,0.9,2.05,0.08,6.5,1.025,1.14
Handle_201,Floor02,-,no,1,no,0.11,0.04,0.06,-7.185,1.05,1.07
Handle_202,Floor02,-,no,1,no,0.11,0.04,0.06,-3.685,1.05,1.07
Handle_203,Floor02,-,no,1,no,0.11,0.04,0.06,-0.185,1.05,1.07
Handle_205,Floor02,-,no,1,no,0.11,0.04,0.06,3.315,1.05,1.07
Handle_206,Floor02,-,no,1,no,0.11,0.04,0.06,6.815,1.05,1.07
Plate_201,Floor02,-,no,1,no,0.34,0.18,0.02,-6.83,1.85,1.14
Plate_202,Floor02,-,no,1,no,0.34,0.18,0.02,-3.33,1.85,1.14
Plate_203,Floor02,-,no,1,no,0.34,0.18,0.02,0.17,1.85,1.14
Plate_205,Floor02,-,no,1,no,0.34,0.18,0.02,3.67,1.85,1.14
Plate_206,Floor02,-,no,1,no,0.34,0.18,0.02,7.17,1.85,1.14
Door303_Talk,Floor03,-,yes,1,no,0.2,0.2,0.06,-1.05,1.1,1.08
Door_301,Floor03,-,yes,1,no,0.9,2.05,0.08,-7.5,1.025,1.14
Door_302,Floor03,-,yes,1,no,0.9,2.05,0.08,-4,1.025,1.14
Door_303,Floor03,-,yes,1,no,0.9,2.05,0.08,-0.5,1.025,1.14
Door_305,Floor03,-,yes,1,no,0.9,2.05,0.08,6.5,1.025,1.14
Handle_301,Floor03,-,no,1,no,0.11,0.04,0.06,-7.185,1.05,1.07
Handle_302,Floor03,-,no,1,no,0.11,0.04,0.06,-3.685,1.05,1.07
Handle_303,Floor03,-,no,1,no,0.11,0.04,0.06,-0.185,1.05,1.07
Handle_305,Floor03,-,no,1,no,0.11,0.04,0.06,6.815,1.05,1.07
Papered_304,Floor03,-,no,1,no,1.02,2.15,0.04,3,1.025,1.16
Plate_301,Floor03,-,no,1,no,0.34,0.18,0.02,-6.83,1.85,1.14
Plate_302,Floor03,-,no,1,no,0.34,0.18,0.02,-3.33,1.85,1.14
Plate_303,Floor03,-,no,1,no,0.34,0.18,0.02,0.17,1.85,1.14
Plate_304,Floor03,-,no,1,no,0.34,0.18,0.02,3.67,1.85,1.14
Plate_305,Floor03,-,no,1,no,0.34,0.18,0.02,7.17,1.85,1.14
SoundSource304,Floor03,-,yes,1,no,0.5,0.5,0.08,3,1.15,1.04
AnomalyDoor_404,Floor04,M04,yes,1,no,0.9,2.05,0.1,1.85,1,1
BlankWall404,Floor04,-,no,1,no,1.2,2.1,0.05,1.85,1.05,1.16
Door_401,Floor04,-,yes,1,no,0.9,2.05,0.08,-7.5,1.025,1.14
Door_402,Floor04,-,yes,1,no,0.9,2.05,0.08,-4,1.025,1.14
Door_403,Floor04,-,yes,1,no,0.9,2.05,0.08,-0.5,1.025,1.14
Door_405,Floor04,-,yes,1,no,0.9,2.05,0.08,4.2,1.025,1.14
Door_406,Floor04,-,yes,1,no,0.9,2.05,0.08,7.7,1.025,1.14
FireDoorPanel,Floor04,-,yes,1,no,0.35,0.45,0.08,-9,1.3,-1.14
Handle_401,Floor04,-,no,1,no,0.11,0.04,0.06,-7.185,1.05,1.07
Handle_402,Floor04,-,no,1,no,0.11,0.04,0.06,-3.685,1.05,1.07
Handle_403,Floor04,-,no,1,no,0.11,0.04,0.06,-0.185,1.05,1.07
Handle_405,Floor04,-,no,1,no,0.11,0.04,0.06,4.515,1.05,1.07
Handle_406,Floor04,-,no,1,no,0.11,0.04,0.06,8.015,1.05,1.07
M04_CloseDoor,Floor04,M04,yes,1,no,0.3,0.3,0.2,2.55,1,1
M04_Neutraliser,Floor04,M04,yes,1,no,0.2,0.4,0.2,-1.15,0.3,0.7
M04_Stain1,Floor04,M04,yes,1,no,0.2,0.04,0.2,1.35,2.35,1.4
M04_Stain10,Floor04,M04,yes,1,no,0.2,0.04,0.2,2.35,2.35,1.7
M04_Stain2,Floor04,M04,yes,1,no,0.2,0.04,0.2,1.6,2.35,1.4
M04_Stain3,Floor04,M04,yes,1,no,0.2,0.04,0.2,1.85,2.35,1.4
M04_Stain4,Floor04,M04,yes,1,no,0.2,0.04,0.2,2.1,2.35,1.4
M04_Stain5,Floor04,M04,yes,1,no,0.2,0.04,0.2,2.35,2.35,1.4
M04_Stain6,Floor04,M04,yes,1,no,0.2,0.04,0.2,1.35,2.35,1.7
M04_Stain7,Floor04,M04,yes,1,no,0.2,0.04,0.2,1.6,2.35,1.7
M04_Stain8,Floor04,M04,yes,1,no,0.2,0.04,0.2,1.85,2.35,1.7
M04_Stain9,Floor04,M04,yes,1,no,0.2,0.04,0.2,2.1,2.35,1.7
M16_EndReply,Floor04,M16,yes,1,no,0.3,0.3,0.2,2.65,1.1,-0.9
M16_ReplyWall,Floor04,M16,yes,1,no,1,0.8,0.08,1.85,1.4,-0.9
Plate_401,Floor04,-,no,1,no,0.34,0.18,0.02,-6.83,1.85,1.14
Plate_402,Floor04,-,no,1,no,0.34,0.18,0.02,-3.33,1.85,1.14
Plate_403,Floor04,-,no,1,no,0.34,0.18,0.02,0.17,1.85,1.14
Plate_405,Floor04,-,no,1,no,0.34,0.18,0.02,4.87,1.85,1.14
Plate_406,Floor04,-,no,1,no,0.34,0.18,0.02,8.37,1.85,1.14
Door_501,Floor05,-,yes,1,no,0.9,2.05,0.08,-7.5,1.025,1.14
Door_502,Floor05,-,yes,1,no,0.9,2.05,0.08,-4,1.025,1.14
Door_503,Floor05,-,yes,1,no,0.9,2.05,0.08,-0.5,1.025,1.14
Door_505,Floor05,-,yes,1,no,0.9,2.05,0.08,6.5,1.025,1.14
Handle_501,Floor05,-,no,1,no,0.11,0.04,0.06,-7.185,1.05,1.07
Handle_502,Floor05,-,no,1,no,0.11,0.04,0.06,-3.685,1.05,1.07
Handle_503,Floor05,-,no,1,no,0.11,0.04,0.06,-0.185,1.05,1.07
Handle_505,Floor05,-,no,1,no,0.11,0.04,0.06,6.815,1.05,1.07
M07_Bell504,Floor05,M07,yes,1,no,0.3,0.3,0.2,2.45,1.15,0.9
M07_Extinguisher,Floor05,M07,yes,1,no,0.18,0.5,0.18,9,1,1
M07_WrongBell0,Floor05,M07,yes,1,no,0.3,0.3,0.2,-8.05,1.15,0.9
M07_WrongBell1,Floor05,M07,yes,1,no,0.3,0.3,0.2,-4.55,1.15,0.9
M07_WrongBell2,Floor05,M07,yes,1,no,0.3,0.3,0.2,-1.05,1.15,0.9
M07_WrongBell4,Floor05,M07,yes,1,no,0.3,0.3,0.2,5.95,1.15,0.9
M17_BreakWall,Floor05,M17,yes,1,no,0.3,0.3,0.2,2.4,1.1,1
M17_CutPower,Floor05,M17,yes,1,no,0.3,0.3,0.2,1.8,1.4,1
M17_Listen1,Floor05,M17,yes,1,no,0.2,0.2,0.06,3,2.1,1
M17_Listen2,Floor05,M17,yes,1,no,0.2,0.2,0.06,3,1.4,1
M17_Listen3,Floor05,M17,yes,1,no,0.2,0.2,0.06,3,0.7,1
M17_Notice1,Floor05,M17,yes,1,no,0.25,0.3,0.04,3.45,2.1,1
M17_Notice2,Floor05,M17,yes,1,no,0.25,0.3,0.04,3.45,1.4,1
M17_Notice3,Floor05,M17,yes,1,no,0.25,0.3,0.04,3.45,0.7,1
Papered_504,Floor05,-,no,1,no,1.02,2.15,0.04,3,1.025,1.16
Plate_501,Floor05,-,no,1,no,0.34,0.18,0.02,-6.83,1.85,1.14
Plate_502,Floor05,-,no,1,no,0.34,0.18,0.02,-3.33,1.85,1.14
Plate_503,Floor05,-,no,1,no,0.34,0.18,0.02,0.17,1.85,1.14
Plate_504,Floor05,-,no,1,no,0.34,0.18,0.02,3.67,1.85,1.14
Plate_505,Floor05,-,no,1,no,0.34,0.18,0.02,7.17,1.85,1.14
Door602_Talk,Floor06,-,yes,1,no,0.2,0.2,0.06,-4.55,1.1,1.08
Door_601,Floor06,-,yes,1,no,0.9,2.05,0.08,-7.5,1.025,1.14
Door_602,Floor06,-,yes,2,no,0.9,2.05,0.08,-4,1.025,1.14
Door_603,Floor06,-,yes,1,no,0.9,2.05,0.08,-0.5,1.025,1.14
Door_605,Floor06,-,yes,1,no,0.9,2.05,0.08,3,1.025,1.14
Door_606,Floor06,-,yes,1,no,0.9,2.05,0.08,6.5,1.025,1.14
Handle_601,Floor06,-,no,1,no,0.11,0.04,0.06,-7.185,1.05,1.07
Handle_602,Floor06,-,no,2,no,0.11,0.04,0.06,-3.685,1.05,1.07
Handle_603,Floor06,-,no,1,no,0.11,0.04,0.06,-0.185,1.05,1.07
Handle_605,Floor06,-,no,1,no,0.11,0.04,0.06,3.315,1.05,1.07
Handle_606,Floor06,-,no,1,no,0.11,0.04,0.06,6.815,1.05,1.07
M18_BroadcastPanel,Floor06,M18,yes,1,no,0.45,0.35,0.1,9.7,1.5,1.05
Plate_601,Floor06,-,no,1,no,0.34,0.18,0.02,-6.83,1.85,1.14
Plate_602,Floor06,-,no,2,no,0.34,0.18,0.02,-3.33,1.85,1.14
Plate_603,Floor06,-,no,1,no,0.34,0.18,0.02,0.17,1.85,1.14
Plate_605,Floor06,-,no,1,no,0.34,0.18,0.02,3.67,1.85,1.14
Plate_606,Floor06,-,no,1,no,0.34,0.18,0.02,7.17,1.85,1.14
DoorBack_Lobby,Laundry,-,yes,3,no,0.9,2.05,0.1,0,1.025,-2.44
M12_Doll,Laundry,M12,yes,1,no,0.25,0.3,0.2,-1.8,0.6,1.8
M12_Door,Laundry,M12,yes,1,no,0.12,0.5,0.5,-2.08,0.6,1.8
M12_SealedBox,Laundry,M12,yes,1,no,0.5,0.7,0.5,2.5,0.4,0
M12_Stop,Laundry,M12,yes,1,no,0.3,0.3,0.2,-2.08,1.15,1.8
Washer01,Laundry,-,no,1,no,0.7,1,0.9,-2.5,0.5,-1.8
Washer02,Laundry,-,no,1,no,0.7,1,0.9,-2.5,0.5,-0.6
Washer03,Laundry,-,no,1,no,0.7,1,0.9,-2.5,0.5,0.6
Washer04,Laundry,-,no,1,no,0.7,1,0.9,-2.5,0.5,1.8
A02_LockerDoor,Lobby,-,yes,1,no,0.5,0.6,0.06,5.4,0.3,-2.95
A02_UnnumberedLocker,Lobby,-,yes,1,no,0.5,0.6,0.6,5.4,0.3,-2.6
DoorToOffice,Lobby,-,yes,1,no,0.1,2.05,0.9,-5.94,1.025,-2
DoorTo_ConvenienceStore,Lobby,-,yes,1,no,0.9,2.05,0.1,-1,1.025,-3.94
DoorTo_Laundry,Lobby,-,yes,1,no,0.9,2.05,0.1,-4,1.025,-3.94
DoorTo_Playground,Lobby,-,yes,1,no,0.9,2.05,0.1,5,1.025,-3.94
ElevatorDoor,Lobby,-,yes,8,no,0.9,2.05,0.1,2,1.025,3.94
Key404,Lobby,-,yes,1,no,0.12,0.05,0.22,-5.4,1.1,1
M06_Lid,Lobby,M06,yes,1,no,0.35,0.06,0.4,-5.05,1.38,2.5
M06_Parcel,Lobby,M06,yes,1,no,0.35,0.3,0.4,-5.05,1.15,2.5
M06_ReturnShelf,Lobby,M06,yes,1,no,0.5,0.1,1.4,5.6,1.1,-2.8
M06_Shake,Lobby,M06,yes,1,no,0.35,0.15,0.4,-5.05,0.92,2.5
M13_LogFact,Lobby,M13,yes,1,no,0.3,0.05,0.25,-4.4,1.05,-2.2
M13_LogGuess,Lobby,M13,yes,1,no,0.3,0.05,0.25,-4.4,1.05,-2.8
M13_Postcard,Lobby,M13,yes,1,no,0.25,0.02,0.18,-5,1.25,-2.5
M13_Shredder,Lobby,M13,yes,1,no,0.4,0.9,0.4,-4.9,0.5,-3.4
Mailboxes,Lobby,-,no,2,no,0.3,2,4,-5.75,1.2,1
OldDeliveryBox,Lobby,-,yes,1,no,0.5,0.5,0.5,4.8,0.3,-0.5
ParcelLockers,Lobby,-,no,1,no,0.6,2,3,-5.5,1,2.5
ParcelShelf,Lobby,-,no,1,no,0.4,1.6,3,5.7,0.8,1
StairDoor,Lobby,-,yes,9,no,0.9,2.05,0.1,4.5,1.025,3.94
A03_Vcr,Lounge,-,yes,1,no,0.8,0.7,0.6,0,0.9,2.3
DoorBack_Floor02,Lounge,-,yes,3,no,0.9,2.05,0.1,0,1.025,-2.94
LoungeSofa,Lounge,-,no,1,no,2.4,0.7,0.8,0,0.35,-1.2
LoungeTable,Lounge,-,no,1,no,1.2,0.5,0.6,0,0.25,0.2
ArchiveDoor,Machinery,-,yes,1,no,0.9,2.05,0.1,0,1.025,3.94
DoorTo_PipeRoom,Machinery,-,yes,1,no,0.9,2.05,0.1,-2,1.025,-3.94
DoorTo_PumpRoom,Machinery,-,yes,1,no,0.9,2.05,0.1,-6,1.025,-3.94
DoorTo_Toolroom,Machinery,-,yes,1,no,0.9,2.05,0.1,2,1.025,-3.94
M05_Incinerator,Machinery,M05,yes,1,no,1,1.8,1.4,4.2,0.9,0
CassettePlayer,Office,-,yes,1,no,0.45,0.15,0.3,1.9,0.9,2.25
Ceiling,Office,-,no,25,no,8,0.2,6,0,2.7,0
Chair,Office,-,no,1,no,0.6,0.6,0.6,0,0.3,1.35
Contract,Office,-,yes,1,no,0.3,0.02,0.42,1.1,0.85,2.15
Desk,Office,-,no,1,no,3,0.8,0.8,0,0.4,2.25
DocumentDrawer,Office,-,yes,1,no,0.3,0.35,0.9,-3.65,1.2,-1.8
DoorToLobby,Office,-,yes,1,no,0.9,2.05,0.1,0,1.025,-2.94
Floor,Office,-,no,26,no,8,0.5,6,0,-0.25,0
HandoverMemo,Office,-,yes,1,no,0.3,0.02,0.42,-1.1,0.85,2.15
KeyCabinet,Office,-,no,1,no,0.3,1.6,1.6,-3.65,1.1,0.8
M01_BroadcastPanel,Office,M01,yes,1,no,0.1,0.45,0.6,3.85,1.5,1.2
M01_TravelLog,Office,M01,yes,1,no,0.1,0.35,0.5,-3.6,1.1,-1.5
Monitor,Office,-,yes,1,no,1.1,0.6,0.08,0,1.15,2.5
OfficeDoorPanel,Office,-,yes,1,no,0.9,2.1,0.1,-0.9,1.05,-2.78
OfficeDoorPeephole,Office,-,yes,1,no,0.12,0.12,0.06,-0.9,1.55,-2.66
PublicAddress,Office,-,yes,1,no,0.25,0.4,0.3,3.65,1.6,0
Radio,Office,-,yes,1,no,0.3,0.2,0.3,-3.45,1.5,-0.8
RedSlipper,Office,-,yes,1,no,0.16,0.1,0.26,0.55,0.07,-2.1
Wall_E,Office,-,no,26,no,0.2,2.6,6,4,1.3,0
Wall_N,Office,-,no,26,no,8,2.6,0.2,0,1.3,3
Wall_S,Office,-,no,26,no,8,2.6,0.2,0,1.3,-3
Wall_W,Office,-,no,26,no,0.2,2.6,6,-4,1.3,0
Bay_B1_17,Parking,-,no,1,no,2.4,0.04,5,6,0.02,-3
BreakerPanel,Parking,-,yes,1,no,0.2,1.1,0.8,-12.2,1.4,2.5
Car0,Parking,-,no,1,no,1.8,1.4,4.2,-10,0.7,5.5
Car1,Parking,-,no,1,no,1.8,1.4,4.2,-6,0.7,5.5
Car2,Parking,-,no,1,no,1.8,1.4,4.2,-2,0.7,5.5
Car3,Parking,-,no,1,no,1.8,1.4,4.2,2,0.7,5.5
Car4,Parking,-,no,1,no,1.8,1.4,4.2,6,0.7,5.5
Car5,Parking,-,no,1,no,1.8,1.4,4.2,10,0.7,5.5
DarkUtilityCorner,Parking,-,yes,1,no,1.2,1.8,1.2,11.3,0.9,-7.8
DoorTo_RecyclingYard,Parking,-,yes,1,no,0.9,2.05,0.1,8,1.025,-8.94
IllegalCar,Parking,-,no,1,no,1.8,1.4,4.2,8,0.7,-5.5
M02_BayLine,Parking,M02,yes,1,no,2.4,0.05,5,-3,0.03,-2.5
M02_Figure,Parking,-,no,1,no,0.4,1.8,0.3,-3,0.9,1.5
M11_Barrier,Parking,M11,yes,1,no,2.2,0.1,0.1,6,0.5,-0.4
M11_SensorConsole,Parking,M11,yes,1,no,0.5,0.35,0.1,12.1,1.2,-8
M11_Windscreen,Parking,M11,yes,1,no,1.4,0.5,0.05,6,1.2,-1.8
Pillar0,Parking,-,no,1,no,0.6,2.6,0.6,-9,1.3,-4
Pillar1,Parking,-,no,1,no,0.6,2.6,0.6,0,1.3,-4
Pillar2,Parking,-,no,1,no,0.6,2.6,0.6,9,1.3,-4
Pillar3,Parking,-,no,1,no,0.6,2.6,0.6,-9,1.3,4
Pillar4,Parking,-,no,1,no,0.6,2.6,0.6,0,1.3,4
Pillar5,Parking,-,no,1,no,0.6,2.6,0.6,9,1.3,4
Toolbox,Parking,-,yes,1,no,0.9,0.8,0.5,-11.5,0.4,-8
Door_1301,PhantomFloor13,-,yes,1,no,0.9,2.05,0.08,-7.5,1.025,1.14
Door_1303,PhantomFloor13,-,yes,1,no,0.9,2.05,0.08,-0.5,1.025,1.14
Door_1304,PhantomFloor13,-,yes,1,no,0.9,2.05,0.08,3,1.025,1.14
Door_1305,PhantomFloor13,-,yes,1,no,0.9,2.05,0.08,6.5,1.025,1.14
Handle_1301,PhantomFloor13,-,no,1,no,0.11,0.04,0.06,-7.185,1.05,1.07
Handle_1303,PhantomFloor13,-,no,1,no,0.11,0.04,0.06,-0.185,1.05,1.07
Handle_1304,PhantomFloor13,-,no,1,no,0.11,0.04,0.06,3.315,1.05,1.07
Handle_1305,PhantomFloor13,-,no,1,no,0.11,0.04,0.06,6.815,1.05,1.07
Plate_1301,PhantomFloor13,-,no,1,no,0.34,0.18,0.02,-6.83,1.85,1.14
Plate_1303,PhantomFloor13,-,no,1,no,0.34,0.18,0.02,0.17,1.85,1.14
Plate_1304,PhantomFloor13,-,no,1,no,0.34,0.18,0.02,3.67,1.85,1.14
Plate_1305,PhantomFloor13,-,no,1,no,0.34,0.18,0.02,7.17,1.85,1.14
M10_CloseAll,PipeRoom,M10,yes,1,no,0.5,0.35,0.1,4.6,1.2,0
M10_CutPipe,PipeRoom,M10,yes,1,no,0.3,0.2,0.2,2.8,1.6,1.65
M10_Listener,PipeRoom,M10,yes,1,no,0.3,0.3,0.2,-4.4,1.1,0
M10_NewPipework,PipeRoom,-,no,1,no,8,0.12,0.12,0,1.6,1.85
M10_Valve1,PipeRoom,M10,yes,1,no,0.24,0.24,0.24,-3.2,1.2,1.6
M10_Valve2,PipeRoom,M10,yes,1,no,0.24,0.24,0.24,-1.6,1.2,1.6
M10_Valve3,PipeRoom,M10,yes,1,no,0.24,0.24,0.24,0,1.2,1.6
M10_Valve4,PipeRoom,M10,yes,1,no,0.24,0.24,0.24,1.6,1.2,1.6
M10_Valve5,PipeRoom,M10,yes,1,no,0.24,0.24,0.24,3.2,1.2,1.6
M08_FacilityLog,Playground,M08,yes,1,no,0.1,0.7,1,-6.6,1.4,0
M08_OtherToy,Playground,M08,yes,1,no,0.2,0.2,0.2,2.6,0.15,-2.4
M08_PlaceHere,Playground,M08,yes,1,no,0.6,0.05,0.6,1.5,0.03,-1.5
M08_RedBall,Playground,M08,yes,1,no,0.22,0.22,0.22,6,0.2,-4
Sandpit,Playground,-,no,1,no,4,0.1,4,1.5,0.05,-1.5
Swings,Playground,-,no,1,no,3.2,2.2,0.3,-2,1.1,2
DoorBack_Machinery,PumpRoom,-,yes,3,no,0.9,2.05,0.1,0,1.025,-2.94
M09_CartridgeA,PumpRoom,M09,yes,1,no,0.3,0.5,0.3,1.2,0.9,-1.2
M09_CartridgeC,PumpRoom,M09,yes,1,no,0.3,0.5,0.3,1.2,0.9,0
M09_EmergencyStop,PumpRoom,M09,yes,1,no,0.12,0.4,0.4,3.8,1.3,0
M09_SampleValve,PumpRoom,M09,yes,1,no,0.3,0.3,0.2,-0.4,1,0
M09_ServiceRod,PumpRoom,M09,yes,1,no,1.6,0.1,1.6,-1.5,2.1,0
PumpTank,PumpRoom,-,no,1,no,2,2,2,-1.5,1,0
DoorBack_Parking,RecyclingYard,-,yes,1,no,0.9,2.05,0.1,0,1.025,-3.94
M03_Memo1,RecyclingYard,M03,yes,1,no,0.3,0.18,0.05,-2.8,1.1,2.2
M03_Memo2,RecyclingYard,M03,yes,1,no,0.3,0.18,0.05,-2.8,0.85,2.2
M03_Memo3,RecyclingYard,M03,yes,1,no,0.3,0.18,0.05,-2.8,0.6,2.2
M03_Radio,RecyclingYard,M03,yes,1,no,0.4,0.2,0.25,-3.8,0.85,2.2
M05_Bag1,RecyclingYard,M05,yes,1,no,0.55,0.4,1.1,-1.5,0.2,-2.4
M05_Bag2,RecyclingYard,M05,yes,1,no,0.55,0.4,1.1,-0.4,0.2,-2.4
M05_Bag3,RecyclingYard,M05,yes,1,no,0.55,0.4,1.1,0.7,0.2,-2.4
M05_Bag4,RecyclingYard,M05,yes,1,no,0.55,0.4,1.1,1.8,0.2,-2.4
M05_Cart,RecyclingYard,M05,yes,1,no,0.8,0.7,1.2,2.6,0.35,-2.4
M05_CartOverload,RecyclingYard,M05,yes,1,no,0.8,0.3,1.2,2.6,0.95,-2.4
M05_GeneralWaste,RecyclingYard,M05,yes,1,no,1,1,1,4,0.5,0
ScrapCrt,RecyclingYard,-,no,1,no,0.7,0.6,0.6,-3.8,0.4,2.8
A05_Token_Roof,Rooftop,-,yes,1,no,0.1,0.06,0.1,-8.6,0.06,-5.1
A05_Vending,Rooftop,-,yes,1,no,0.7,1.8,0.6,-9.3,0.9,-5.1
M18_Figure,Rooftop,-,no,1,no,0.4,1.8,0.3,0,1.4,5.4
RooftopBack,Rooftop,-,yes,1,no,0.9,2.05,0.1,0,1.025,-5.94
ChildHeightMarks,ServicePassage,-,yes,1,no,0.5,0.5,0.03,-2,1.2,0.42
DongsikLocation,ServicePassage,-,yes,1,no,0.25,0.25,0.25,5.4,1.5,0
MaintenanceFloorLog,ServicePassage,-,yes,1,no,0.3,0.4,0.03,-4.5,1.1,0.42
OldExtinguisher,ServicePassage,-,yes,1,no,0.18,0.55,0.18,2,0.45,0.42
PassageExit,ServicePassage,-,yes,1,no,0.1,2.05,0.9,-5.94,1.025,0
Pipe0,ServicePassage,-,no,1,no,1.8,0.12,0.12,-5,2,0.42
Pipe1,ServicePassage,-,no,1,no,1.8,0.12,0.12,-3,2,0.42
Pipe2,ServicePassage,-,no,1,no,1.8,0.12,0.12,-1,2,0.42
Pipe3,ServicePassage,-,no,1,no,1.8,0.12,0.12,1,2,0.42
Pipe4,ServicePassage,-,no,1,no,1.8,0.12,0.12,3,2,0.42
Pipe5,ServicePassage,-,no,1,no,1.8,0.12,0.12,5,2,0.42
RadioSignal,ServicePassage,-,yes,1,no,0.25,0.25,0.25,5.4,1,0
SteelDoor404,ServicePassage,-,yes,1,no,0.1,2.1,1,5.94,1.05,0
Taeho,ServicePassage,-,yes,1,no,0.45,1.75,0.35,-3.2,0.9,0
Flight_1F_2F_Step0,Stairwell,-,no,1,no,1.25,0.12,0.345,-1.35,0.115,2.438
Flight_1F_2F_Step1,Stairwell,-,no,1,no,1.25,0.12,0.345,-1.35,0.29,2.113
Flight_1F_2F_Step10,Stairwell,-,no,1,no,1.25,0.12,0.345,-1.35,1.865,-0.813
Flight_1F_2F_Step11,Stairwell,-,no,1,no,1.25,0.12,0.345,-1.35,2.04,-1.138
Flight_1F_2F_Step12,Stairwell,-,no,1,no,1.25,0.12,0.345,-1.35,2.215,-1.463
Flight_1F_2F_Step13,Stairwell,-,no,1,no,1.25,0.12,0.345,-1.35,2.39,-1.788
Flight_1F_2F_Step14,Stairwell,-,no,1,no,1.25,0.12,0.345,-1.35,2.565,-2.113
Flight_1F_2F_Step15,Stairwell,-,no,1,no,1.25,0.12,0.345,-1.35,2.74,-2.438
Flight_1F_2F_Step2,Stairwell,-,no,1,no,1.25,0.12,0.345,-1.35,0.465,1.788
Flight_1F_2F_Step3,Stairwell,-,no,1,no,1.25,0.12,0.345,-1.35,0.64,1.463
Flight_1F_2F_Step4,Stairwell,-,no,1,no,1.25,0.12,0.345,-1.35,0.815,1.138
Flight_1F_2F_Step5,Stairwell,-,no,1,no,1.25,0.12,0.345,-1.35,0.99,0.813
Flight_1F_2F_Step6,Stairwell,-,no,1,no,1.25,0.12,0.345,-1.35,1.165,0.488
Flight_1F_2F_Step7,Stairwell,-,no,1,no,1.25,0.12,0.345,-1.35,1.34,0.163
Flight_1F_2F_Step8,Stairwell,-,no,1,no,1.25,0.12,0.345,-1.35,1.515,-0.163
Flight_1F_2F_Step9,Stairwell,-,no,1,no,1.25,0.12,0.345,-1.35,1.69,-0.488
Flight_2F_3F_Step0,Stairwell,-,no,1,no,1.25,0.12,0.345,1.35,2.915,-2.438
Flight_2F_3F_Step1,Stairwell,-,no,1,no,1.25,0.12,0.345,1.35,3.09,-2.113
Flight_2F_3F_Step10,Stairwell,-,no,1,no,1.25,0.12,0.345,1.35,4.665,0.813
Flight_2F_3F_Step11,Stairwell,-,no,1,no,1.25,0.12,0.345,1.35,4.84,1.138
Flight_2F_3F_Step12,Stairwell,-,no,1,no,1.25,0.12,0.345,1.35,5.015,1.463
Flight_2F_3F_Step13,Stairwell,-,no,1,no,1.25,0.12,0.345,1.35,5.19,1.788
Flight_2F_3F_Step14,Stairwell,-,no,1,no,1.25,0.12,0.345,1.35,5.365,2.113
Flight_2F_3F_Step15,Stairwell,-,no,1,no,1.25,0.12,0.345,1.35,5.54,2.438
Flight_2F_3F_Step2,Stairwell,-,no,1,no,1.25,0.12,0.345,1.35,3.265,-1.788
Flight_2F_3F_Step3,Stairwell,-,no,1,no,1.25,0.12,0.345,1.35,3.44,-1.463
Flight_2F_3F_Step4,Stairwell,-,no,1,no,1.25,0.12,0.345,1.35,3.615,-1.138
Flight_2F_3F_Step5,Stairwell,-,no,1,no,1.25,0.12,0.345,1.35,3.79,-0.813
Flight_2F_3F_Step6,Stairwell,-,no,1,no,1.25,0.12,0.345,1.35,3.965,-0.488
Flight_2F_3F_Step7,Stairwell,-,no,1,no,1.25,0.12,0.345,1.35,4.14,-0.163
Flight_2F_3F_Step8,Stairwell,-,no,1,no,1.25,0.12,0.345,1.35,4.315,0.163
Flight_2F_3F_Step9,Stairwell,-,no,1,no,1.25,0.12,0.345,1.35,4.49,0.488
Flight_3F_4F_Step0,Stairwell,-,no,1,no,1.25,0.12,0.345,-1.35,5.715,2.438
Flight_3F_4F_Step1,Stairwell,-,no,1,no,1.25,0.12,0.345,-1.35,5.89,2.113
Flight_3F_4F_Step10,Stairwell,-,no,1,no,1.25,0.12,0.345,-1.35,7.465,-0.813
Flight_3F_4F_Step11,Stairwell,-,no,1,no,1.25,0.12,0.345,-1.35,7.64,-1.138
Flight_3F_4F_Step12,Stairwell,-,no,1,no,1.25,0.12,0.345,-1.35,7.815,-1.463
Flight_3F_4F_Step13,Stairwell,-,no,1,no,1.25,0.12,0.345,-1.35,7.99,-1.788
Flight_3F_4F_Step14,Stairwell,-,no,1,no,1.25,0.12,0.345,-1.35,8.165,-2.113
Flight_3F_4F_Step15,Stairwell,-,no,1,no,1.25,0.12,0.345,-1.35,8.34,-2.438
Flight_3F_4F_Step2,Stairwell,-,no,1,no,1.25,0.12,0.345,-1.35,6.065,1.788
Flight_3F_4F_Step3,Stairwell,-,no,1,no,1.25,0.12,0.345,-1.35,6.24,1.463
Flight_3F_4F_Step4,Stairwell,-,no,1,no,1.25,0.12,0.345,-1.35,6.415,1.138
Flight_3F_4F_Step5,Stairwell,-,no,1,no,1.25,0.12,0.345,-1.35,6.59,0.813
Flight_3F_4F_Step6,Stairwell,-,no,1,no,1.25,0.12,0.345,-1.35,6.765,0.488
Flight_3F_4F_Step7,Stairwell,-,no,1,no,1.25,0.12,0.345,-1.35,6.94,0.163
Flight_3F_4F_Step8,Stairwell,-,no,1,no,1.25,0.12,0.345,-1.35,7.115,-0.163
Flight_3F_4F_Step9,Stairwell,-,no,1,no,1.25,0.12,0.345,-1.35,7.29,-0.488
Flight_4F_5F_Step0,Stairwell,-,no,1,no,1.25,0.12,0.345,1.35,8.515,-2.438
Flight_4F_5F_Step1,Stairwell,-,no,1,no,1.25,0.12,0.345,1.35,8.69,-2.113
Flight_4F_5F_Step10,Stairwell,-,no,1,no,1.25,0.12,0.345,1.35,10.265,0.813
Flight_4F_5F_Step11,Stairwell,-,no,1,no,1.25,0.12,0.345,1.35,10.44,1.138
Flight_4F_5F_Step12,Stairwell,-,no,1,no,1.25,0.12,0.345,1.35,10.615,1.463
Flight_4F_5F_Step13,Stairwell,-,no,1,no,1.25,0.12,0.345,1.35,10.79,1.788
Flight_4F_5F_Step14,Stairwell,-,no,1,no,1.25,0.12,0.345,1.35,10.965,2.113
Flight_4F_5F_Step15,Stairwell,-,no,1,no,1.25,0.12,0.345,1.35,11.14,2.438
Flight_4F_5F_Step2,Stairwell,-,no,1,no,1.25,0.12,0.345,1.35,8.865,-1.788
Flight_4F_5F_Step3,Stairwell,-,no,1,no,1.25,0.12,0.345,1.35,9.04,-1.463
Flight_4F_5F_Step4,Stairwell,-,no,1,no,1.25,0.12,0.345,1.35,9.215,-1.138
Flight_4F_5F_Step5,Stairwell,-,no,1,no,1.25,0.12,0.345,1.35,9.39,-0.813
Flight_4F_5F_Step6,Stairwell,-,no,1,no,1.25,0.12,0.345,1.35,9.565,-0.488
Flight_4F_5F_Step7,Stairwell,-,no,1,no,1.25,0.12,0.345,1.35,9.74,-0.163
Flight_4F_5F_Step8,Stairwell,-,no,1,no,1.25,0.12,0.345,1.35,9.915,0.163
Flight_4F_5F_Step9,Stairwell,-,no,1,no,1.25,0.12,0.345,1.35,10.09,0.488
Flight_5F_6F_Step0,Stairwell,-,no,1,no,1.25,0.12,0.345,-1.35,11.315,2.438
Flight_5F_6F_Step1,Stairwell,-,no,1,no,1.25,0.12,0.345,-1.35,11.49,2.113
Flight_5F_6F_Step10,Stairwell,-,no,1,no,1.25,0.12,0.345,-1.35,13.065,-0.813
Flight_5F_6F_Step11,Stairwell,-,no,1,no,1.25,0.12,0.345,-1.35,13.24,-1.138
Flight_5F_6F_Step12,Stairwell,-,no,1,no,1.25,0.12,0.345,-1.35,13.415,-1.463
Flight_5F_6F_Step13,Stairwell,-,no,1,no,1.25,0.12,0.345,-1.35,13.59,-1.788
Flight_5F_6F_Step14,Stairwell,-,no,1,no,1.25,0.12,0.345,-1.35,13.765,-2.113
Flight_5F_6F_Step15,Stairwell,-,no,1,no,1.25,0.12,0.345,-1.35,13.94,-2.438
Flight_5F_6F_Step2,Stairwell,-,no,1,no,1.25,0.12,0.345,-1.35,11.665,1.788
Flight_5F_6F_Step3,Stairwell,-,no,1,no,1.25,0.12,0.345,-1.35,11.84,1.463
Flight_5F_6F_Step4,Stairwell,-,no,1,no,1.25,0.12,0.345,-1.35,12.015,1.138
Flight_5F_6F_Step5,Stairwell,-,no,1,no,1.25,0.12,0.345,-1.35,12.19,0.813
Flight_5F_6F_Step6,Stairwell,-,no,1,no,1.25,0.12,0.345,-1.35,12.365,0.488
Flight_5F_6F_Step7,Stairwell,-,no,1,no,1.25,0.12,0.345,-1.35,12.54,0.163
Flight_5F_6F_Step8,Stairwell,-,no,1,no,1.25,0.12,0.345,-1.35,12.715,-0.163
Flight_5F_6F_Step9,Stairwell,-,no,1,no,1.25,0.12,0.345,-1.35,12.89,-0.488
Flight_6F_R_Step0,Stairwell,-,no,1,no,1.25,0.12,0.345,1.35,14.115,-2.438
Flight_6F_R_Step1,Stairwell,-,no,1,no,1.25,0.12,0.345,1.35,14.29,-2.113
Flight_6F_R_Step10,Stairwell,-,no,1,no,1.25,0.12,0.345,1.35,15.865,0.813
Flight_6F_R_Step11,Stairwell,-,no,1,no,1.25,0.12,0.345,1.35,16.04,1.138
Flight_6F_R_Step12,Stairwell,-,no,1,no,1.25,0.12,0.345,1.35,16.215,1.463
Flight_6F_R_Step13,Stairwell,-,no,1,no,1.25,0.12,0.345,1.35,16.39,1.788
Flight_6F_R_Step14,Stairwell,-,no,1,no,1.25,0.12,0.345,1.35,16.565,2.113
Flight_6F_R_Step15,Stairwell,-,no,1,no,1.25,0.12,0.345,1.35,16.74,2.438
Flight_6F_R_Step2,Stairwell,-,no,1,no,1.25,0.12,0.345,1.35,14.465,-1.788
Flight_6F_R_Step3,Stairwell,-,no,1,no,1.25,0.12,0.345,1.35,14.64,-1.463
Flight_6F_R_Step4,Stairwell,-,no,1,no,1.25,0.12,0.345,1.35,14.815,-1.138
Flight_6F_R_Step5,Stairwell,-,no,1,no,1.25,0.12,0.345,1.35,14.99,-0.813
Flight_6F_R_Step6,Stairwell,-,no,1,no,1.25,0.12,0.345,1.35,15.165,-0.488
Flight_6F_R_Step7,Stairwell,-,no,1,no,1.25,0.12,0.345,1.35,15.34,-0.163
Flight_6F_R_Step8,Stairwell,-,no,1,no,1.25,0.12,0.345,1.35,15.515,0.163
Flight_6F_R_Step9,Stairwell,-,no,1,no,1.25,0.12,0.345,1.35,15.69,0.488
Flight_B1_1F_Step0,Stairwell,-,no,1,no,1.25,0.12,0.345,1.35,-2.685,-2.438
Flight_B1_1F_Step1,Stairwell,-,no,1,no,1.25,0.12,0.345,1.35,-2.51,-2.113
Flight_B1_1F_Step10,Stairwell,-,no,1,no,1.25,0.12,0.345,1.35,-0.935,0.813
Flight_B1_1F_Step11,Stairwell,-,no,1,no,1.25,0.12,0.345,1.35,-0.76,1.138
Flight_B1_1F_Step12,Stairwell,-,no,1,no,1.25,0.12,0.345,1.35,-0.585,1.463
Flight_B1_1F_Step13,Stairwell,-,no,1,no,1.25,0.12,0.345,1.35,-0.41,1.788
Flight_B1_1F_Step14,Stairwell,-,no,1,no,1.25,0.12,0.345,1.35,-0.235,2.113
Flight_B1_1F_Step15,Stairwell,-,no,1,no,1.25,0.12,0.345,1.35,-0.06,2.438
Flight_B1_1F_Step2,Stairwell,-,no,1,no,1.25,0.12,0.345,1.35,-2.335,-1.788
Flight_B1_1F_Step3,Stairwell,-,no,1,no,1.25,0.12,0.345,1.35,-2.16,-1.463
Flight_B1_1F_Step4,Stairwell,-,no,1,no,1.25,0.12,0.345,1.35,-1.985,-1.138
Flight_B1_1F_Step5,Stairwell,-,no,1,no,1.25,0.12,0.345,1.35,-1.81,-0.813
Flight_B1_1F_Step6,Stairwell,-,no,1,no,1.25,0.12,0.345,1.35,-1.635,-0.488
Flight_B1_1F_Step7,Stairwell,-,no,1,no,1.25,0.12,0.345,1.35,-1.46,-0.163
Flight_B1_1F_Step8,Stairwell,-,no,1,no,1.25,0.12,0.345,1.35,-1.285,0.163
Flight_B1_1F_Step9,Stairwell,-,no,1,no,1.25,0.12,0.345,1.35,-1.11,0.488
Flight_B2_B1_Step0,Stairwell,-,no,1,no,1.25,0.12,0.345,-1.35,-5.485,2.438
Flight_B2_B1_Step1,Stairwell,-,no,1,no,1.25,0.12,0.345,-1.35,-5.31,2.113
Flight_B2_B1_Step10,Stairwell,-,no,1,no,1.25,0.12,0.345,-1.35,-3.735,-0.813
Flight_B2_B1_Step11,Stairwell,-,no,1,no,1.25,0.12,0.345,-1.35,-3.56,-1.138
Flight_B2_B1_Step12,Stairwell,-,no,1,no,1.25,0.12,0.345,-1.35,-3.385,-1.463
Flight_B2_B1_Step13,Stairwell,-,no,1,no,1.25,0.12,0.345,-1.35,-3.21,-1.788
Flight_B2_B1_Step14,Stairwell,-,no,1,no,1.25,0.12,0.345,-1.35,-3.035,-2.113
Flight_B2_B1_Step15,Stairwell,-,no,1,no,1.25,0.12,0.345,-1.35,-2.86,-2.438
Flight_B2_B1_Step2,Stairwell,-,no,1,no,1.25,0.12,0.345,-1.35,-5.135,1.788
Flight_B2_B1_Step3,Stairwell,-,no,1,no,1.25,0.12,0.345,-1.35,-4.96,1.463
Flight_B2_B1_Step4,Stairwell,-,no,1,no,1.25,0.12,0.345,-1.35,-4.785,1.138
Flight_B2_B1_Step5,Stairwell,-,no,1,no,1.25,0.12,0.345,-1.35,-4.61,0.813
Flight_B2_B1_Step6,Stairwell,-,no,1,no,1.25,0.12,0.345,-1.35,-4.435,0.488
Flight_B2_B1_Step7,Stairwell,-,no,1,no,1.25,0.12,0.345,-1.35,-4.26,0.163
Flight_B2_B1_Step8,Stairwell,-,no,1,no,1.25,0.12,0.345,-1.35,-4.085,-0.163
Flight_B2_B1_Step9,Stairwell,-,no,1,no,1.25,0.12,0.345,-1.35,-3.91,-0.488
HidingCabinetA,Stairwell,-,yes,1,no,0.6,1.6,0.5,-2.05,0.8,3.5
Landing_1F,Stairwell,-,no,1,no,4.8,0.2,1.8,0,-0.1,3.5
Landing_1F_Rail,Stairwell,-,no,1,no,1.45,0.06,0.06,0,1,2.6
Landing_2F,Stairwell,-,no,1,no,4.8,0.2,1.8,0,2.7,-3.5
Landing_2F_Rail,Stairwell,-,no,1,no,1.45,0.06,0.06,0,3.8,-2.6
Landing_3F,Stairwell,-,no,1,no,4.8,0.2,1.8,0,5.5,3.5
Landing_3F_Rail,Stairwell,-,no,1,no,1.45,0.06,0.06,0,6.6,2.6
Landing_4F,Stairwell,-,no,1,no,4.8,0.2,1.8,0,8.3,-3.5
Landing_4F_Rail,Stairwell,-,no,1,no,1.45,0.06,0.06,0,9.4,-2.6
Landing_5F,Stairwell,-,no,1,no,4.8,0.2,1.8,0,11.1,3.5
Landing_5F_Rail,Stairwell,-,no,1,no,1.45,0.06,0.06,0,12.2,2.6
Landing_6F,Stairwell,-,no,1,no,4.8,0.2,1.8,0,13.9,-3.5
Landing_6F_Rail,Stairwell,-,no,1,no,1.45,0.06,0.06,0,15,-2.6
Landing_B1,Stairwell,-,no,1,no,4.8,0.2,1.8,0,-2.9,-3.5
Landing_B1_Rail,Stairwell,-,no,1,no,1.45,0.06,0.06,0,-1.8,-2.6
Landing_B2,Stairwell,-,no,1,no,4.8,0.2,1.8,0,-5.7,3.5
Landing_B2_Rail,Stairwell,-,no,1,no,1.45,0.06,0.06,0,-4.6,2.6
Landing_R,Stairwell,-,no,1,no,4.8,0.2,1.8,0,16.7,3.5
Landing_R_Rail,Stairwell,-,no,1,no,1.45,0.06,0.06,0,17.8,2.6
StairsTo_B1,Stairwell,-,yes,1,no,0.9,2.05,0.1,0,-1.775,-4.44
StairsTo_B2,Stairwell,-,yes,1,no,0.9,2.05,0.1,0,-4.575,4.44
StairsTo_F1,Stairwell,-,yes,1,no,0.9,2.05,0.1,0,1.025,4.44
StairsTo_F2,Stairwell,-,yes,1,no,0.9,2.05,0.1,0,3.825,-4.44
StairsTo_F3,Stairwell,-,yes,1,no,0.9,2.05,0.1,0,6.625,4.44
StairsTo_F4,Stairwell,-,yes,1,no,0.9,2.05,0.1,0,9.425,-4.44
StairsTo_F5,Stairwell,-,yes,1,no,0.9,2.05,0.1,0,12.225,4.44
StairsTo_F6,Stairwell,-,yes,1,no,0.9,2.05,0.1,0,15.025,-4.44
StairsTo_ROOF,Stairwell,-,yes,1,no,0.9,2.05,0.1,0,17.825,4.44
M15_Branch1,Terrace,M15,yes,1,no,0.12,0.28,0.12,-3.6,0.95,2.4
M15_Branch2,Terrace,M15,yes,1,no,0.12,0.28,0.12,-1.8,0.95,2.4
M15_Branch3,Terrace,M15,yes,1,no,0.12,0.28,0.12,0,0.95,2.4
M15_Branch4,Terrace,M15,yes,1,no,0.12,0.28,0.12,1.8,0.95,2.4
M15_Mutation1,Terrace,M15,yes,1,no,0.14,0.3,0.14,-4.5,1,2
M15_Mutation2,Terrace,M15,yes,1,no,0.14,0.3,0.14,-2.7,1,2
M15_Mutation3,Terrace,M15,yes,1,no,0.14,0.3,0.14,-0.9,1,2
M15_Mutation4,Terrace,M15,yes,1,no,0.14,0.3,0.14,0.9,1,2
M15_Mutation5,Terrace,M15,yes,1,no,0.14,0.3,0.14,2.7,1,2
M15_Mutation6,Terrace,M15,yes,1,no,0.14,0.3,0.14,4.5,1,2
M15_Mutation7,Terrace,M15,yes,1,no,0.14,0.3,0.14,-4.5,1.25,2
M15_Mutation8,Terrace,M15,yes,1,no,0.14,0.3,0.14,-2.7,1.25,2
M15_RootPull,Terrace,M15,yes,1,no,0.3,0.2,0.3,-4.5,0.85,1.6
M15_WasteBag,Terrace,M15,yes,1,no,0.4,0.6,0.4,5.2,0.3,-2
Planter01,Terrace,-,no,1,no,1.2,0.8,1,-4.5,0.4,2
Planter02,Terrace,-,no,1,no,1.2,0.8,1,-2.7,0.4,2
Planter03,Terrace,-,no,1,no,1.2,0.8,1,-0.9,0.4,2
Planter04,Terrace,-,no,1,no,1.2,0.8,1,0.9,0.4,2
Planter05,Terrace,-,no,1,no,1.2,0.8,1,2.7,0.4,2
Planter06,Terrace,-,no,1,no,1.2,0.8,1,4.5,0.4,2
A04_ReturnSlot,Toolroom,-,yes,1,no,0.5,0.12,0.4,-2.2,1.15,0
A04_Toolbox,Toolroom,-,yes,1,no,0.8,1,0.5,-2.2,0.5,0
A05_Token_B2,Toolroom,-,yes,1,no,0.1,0.06,0.1,0.6,0.95,1.7
ToolBench,Toolroom,-,no,1,no,2.4,0.9,0.6,0,0.45,1.7
Back404,Unit404,-,yes,1,no,0.9,2.05,0.1,0,1.025,-1.94
BunkBed,Unit404,-,no,1,no,0.9,1.6,2,1.7,0.8,0
Chairman,Unit404,-,yes,1,no,0.45,1.75,0.35,0.6,0.9,1.3
ChildDrawings,Unit404,-,no,1,no,1.4,0.7,0.02,-0.4,1.5,1.94
Dongsik,Unit404,-,yes,1,no,0.55,0.6,1.4,-0.9,0.3,-1
Heater,Unit404,-,no,1,no,0.4,0.35,0.25,-1.9,0.2,-1
OriginalLedger,Unit404,-,yes,1,no,0.3,0.07,0.4,1.65,1.05,-1.5
Sink,Unit404,-,no,1,no,0.9,0.9,0.55,-1.75,0.45,1.6
